,Links
0,https://citycenter.jo/computer-hardware-peripherals/peripherals-graphics-tablet
1,https://citycenter.jo/acefast-c3-03-usb-c-to-usb-c-tpe-charging-data-cable-1-2m-white?search=%20&page=1
2,https://citycenter.jo/computer-hardware/components-case-and-chassis
3,https://citycenter.jo/computer-hardware-storage/storage-usb-pendrive
4,https://citycenter.jo/electronics/office-products
5,https://citycenter.jo/account/download
6,https://citycenter.jo/electronics/electronics-smartphone
7,https://citycenter.jo/account/account
8,https://citycenter.jo/product/manufacturer
9,https://citycenter.jo/1more-sonoflow-hc905-active-noise-cancelling-headphones-bluetooth-headphones-with-ldac-for-hi-res-wireless-audio-70h-playtime-clear-calls-preset-eq-via-app-blue?search=%20&page=1
10,https://citycenter.jo/acefast-c1-01-usb-c-to-lightning-plug-mfi-certified-fast-charging-and-data-transmittion-cable-pd-30w-3a-1-2m-aluminum-alloy-compatbile-with-iphone-13-12-11-ipad-airpods-deep-grey?search=%20&page=1
11,https://citycenter.jo/networking/powerline-adapter
12,https://citycenter.jo/checkout/cart
13,https://citycenter.jo/product/search?search=%20&page=5
14,https://citycenter.jo/computer-hardware/components-motherboard
15,https://citycenter.jo/computer-hardware-peripherals/gaming-chairs
16,https://citycenter.jo/product/search?search=%20&page=7
17,https://citycenter.jo/computer-hardware
18,https://citycenter.jo/computer-hardware-monitor-and-display
19,https://citycenter.jo/computer-hardware-peripherals/peripherals-power-protection-and-ups
20,https://citycenter.jo/gaming/gaming-desk
21,https://citycenter.jo/computer-hardware/components-solid-state-drive-ssd
22,https://citycenter.jo/product/special
23,https://citycenter.jo/computer-hardware-peripherals/peripherals-mouse
24,https://citycenter.jo/computer-hardware-audio/audio-sound-pars
25,https://citycenter.jo/pc-and-laptops/software
26,https://citycenter.jo/account/order
27,https://citycenter.jo/computer-hardware/components-pcipci-e-add-card
28,https://citycenter.jo/computer-hardware-storage/internal-external-hdds
29,https://citycenter.jo/electronics/electronics-point-sale
30,https://citycenter.jo/electronics/electronics-smart-home
31,https://citycenter.jo/product/search?search=%20&page=477
32,https://citycenter.jo/privacy-policy
33,https://citycenter.jo/account/transaction
34,https://citycenter.jo/gaming
35,https://citycenter.jo/computer-hardware-peripherals/stream-equipment
36,https://citycenter.jo/peripherals-printer-and-scanner
37,https://citycenter.jo/computer-hardware/components-cpu-and-processor
38,https://citycenter.jo/terms-conditions
39,https://citycenter.jo/computer-hardware-monitor-and-display/ch-gaming-monitors
40,https://citycenter.jo/networking/3g-4g-routers
41,https://citycenter.jo/computer-hardware/components-memory-ram
42,https://citycenter.jo/computer-hardware-peripherals/peripherals-webcam
43,https://citycenter.jo/peripherals-printer-and-scanner/dot-matrix
44,https://citycenter.jo/acefast-manual-vacuum-suction-cup-magnetic-car-phone-holder-for-iphone-16-15-pro-hands-free-360-rotation-adjustable-phone-stand?search=%20&page=1
45,https://citycenter.jo/computer-hardware-storage/blu-ray-dvd-drives
46,https://citycenter.jo/delivery-information
47,https://citycenter.jo/computer-hardware-peripherals/peripherals-wireless-pointer
48,https://citycenter.jo/account/register
49,https://citycenter.jo/computer-hardware-storage/ssds-solid-state-drive
50,https://citycenter.jo/computer-hardware-audio/audio-multimedia-player
51,https://citycenter.jo/1more-sonoflow-hc905-active-noise-cancelling-headphones-bluetooth-headphones-with-ldac-for-hi-res-wireless-audio-70h-playtime-clear-calls-preset-eq-via-app-silver?search=%20&page=1
52,https://citycenter.jo/pc-and-laptops
53,https://citycenter.jo/pc-and-laptops/computer-hardware-server-and-workstation
54,https://citycenter.jo/product/compare
55,https://citycenter.jo/computer-hardware/components-power-supply
56,https://citycenter.jo/pc-and-laptops/tablet-accessories
57,https://citycenter.jo/computer-hardware-peripherals/peripherals-mouse-pad
58,https://citycenter.jo/acefast-e19-qi2-3-in-1-desktop-wireless-charging-holder-magnetic-wireless-charger-for-phone-tws-headset-smart-watch-compatible-with-all-iphone-mobile-black?search=%20&page=1
59,https://citycenter.jo/service-center
60,https://citycenter.jo/electronics/computer-hardware-projector-and-screen
61,https://citycenter.jo/acefast-c3-01-usb-c-to-lightning-tpe-charging-data-cable-1-2m-white?search=%20&page=1
62,https://citycenter.jo/information/sitemap
63,https://citycenter.jo/
64,https://citycenter.jo/account/newsletter
65,https://citycenter.jo/computer-hardware-audio/audio-sound-card
66,https://citycenter.jo/information/contact
67,https://citycenter.jo/electronics
68,https://citycenter.jo/computer-hardware/components-blu-ray-dvd-drives
69,https://citycenter.jo/acefast-n1-enc-calling-noise-reduction-neckband-wireless-headphones-hifi-stereo-neckband-music-earphone-with-microphone?search=%20&page=1
70,https://citycenter.jo/product/search?search=%20&page=3
71,https://citycenter.jo/product/search?search=%20&page=1
72,https://citycenter.jo/electronics/electronics-security-and-surveillance
73,https://citycenter.jo/computer-hardware-monitor-and-display/lcd-led-monitors
74,https://citycenter.jo/acefast-r2-wireless-lavalier-dual-microphone-for-iphone-android-usb-c-ai-noise-reduction-low-latency-lossless-sound-mics-black?search=%20&page=1
75,https://citycenter.jo/acefast-r1-wireless-lavalier-dual-microphone-for-iphone-android-usb-c-360-omnidirectional-deep-ai-noise-cancellation-black?search=%20&page=1
76,https://citycenter.jo/computer-hardware-audio/audio-speaker-and-headset
77,https://citycenter.jo/acefast-m23-power-bank-10000mah-built-in-dual-cables-22-5w-fast-charging-portable-charger-black?search=%20&page=1
78,https://citycenter.jo/computer-hardware/computer-hardware-monitor-and-display
79,https://citycenter.jo/product/search?search=%20&page=2
80,https://citycenter.jo/360-degree-photo-booth-machine-with-rgb-light-flight-case-360-camera-booth-with-flight-case-for-parties-360-degree-automatic-rotating-photobooth-80cm?search=%20&page=1
81,https://citycenter.jo/computer-hardware/components-hard-drive
82,https://citycenter.jo/computer-hardware-storage/storage-external-enclosure
83,https://citycenter.jo/account/logout
84,https://citycenter.jo/account/login
85,https://citycenter.jo/computer-hardware-peripherals/peripherals-cable
86,https://citycenter.jo/1more-sonoflow-hc905-active-noise-cancelling-headphones-bluetooth-headphones-with-ldac-for-hi-res-wireless-audio-70h-playtime-clear-calls-preset-eq-via-app-black?search=%20&page=1
87,https://citycenter.jo/electronics/electronics-camera
88,https://citycenter.jo/computer-hardware-peripherals/peripherals-combo
89,https://citycenter.jo/Networking
90,https://citycenter.jo/computer-hardware/components-fan-and-heatsink
91,https://citycenter.jo/computer-hardware-monitor-and-display/portable-monitors
92,https://citycenter.jo/electronics/electronics-wearable-device
93,https://citycenter.jo/product/search?search=%20&page=6
94,https://citycenter.jo/product/search?search=%20&page=9
95,https://citycenter.jo/networking/wireless-network
96,https://citycenter.jo/computer-hardware-peripherals/peripherals-gaming-accessories
97,https://citycenter.jo/computer-hardware-peripherals/peripherals-gaming-controller
98,https://citycenter.jo/account/address
99,https://citycenter.jo/about-us
100,https://citycenter.jo/computer-hardware-storage
101,https://citycenter.jo//computer-hardware-peripherals
102,https://citycenter.jo/computer-hardware-audio
103,https://citycenter.jo/acefast-d37-car-dashboard-magnetic-wireless-charger-phone-mount-holder?search=%20&page=1
104,https://citycenter.jo/acefast-d18-in-car-2-in-1-magsafe-qi-inductive-mobile-and-iwatch-wireless-charging-car-holder-convenient-fast-and-efficient-2-5w-5w-7-5w-10w-15w-output-black?search=%20&page=1
105,https://citycenter.jo/computer-hardware/components-video-card
106,https://citycenter.jo/computer-hardware-storage/storage-nas
107,https://citycenter.jo/computer-hardware-peripherals/peripherals-keyboard
108,https://citycenter.jo/product/search?search=%20&page=4
109,https://citycenter.jo/computer-hardware-audio/audio-mic
110,https://citycenter.jo/computer-hardware-storage/storage-memory-card
111,https://citycenter.jo/computer-hardware-monitor-and-display/monitor-and-display-1415-lcdled-monitor
112,https://citycenter.jo/computer-hardware-peripherals/gaming-desks
113,https://citycenter.jo/product/search?search=%20&page=8
114,https://citycenter.jo/account/wishlist
115,https://citycenter.jo/networking/wired-network
116,https://citycenter.jo/360-degree-photo-booth-machine-with-rgb-light-flight-case-360-camera-booth-with-flight-case-for-parties-360-degree-automatic-rotating-photobooth-115cm?search=%20&page=1
