,link,product_name,product_description,currency,price,sale,whatsapp_number
0,https://citycenter.jo/arozzi-velocita-gaming-racing-simulator-stand-black?search=%20&page=18,Arozzi Velocita Universal Racing Simulator Cockpit Compatible with Most Racing Sim Gear & Gaming Chairs Collapsible Telescopic and Portable - Black,"The most compact racing simulator stand on the market, Compatible with almost any gaming or office chair with a 5-star base , Compatible with major brands of gaming peripherals (steering wheel, pedals and gear shift) , Adjustable length and position of gear shift arm (left or right) , Adjustable steering wheel, pedal and gear shift plates",JOD,149.00,,+962796802525
1,https://citycenter.jo/hifuture-altus-bluetooth-5-3-speaker-with-aptx-waterproof-up-to-8-hours-battery-life-true-wireless-stereo-tws-mode-8-0-ipx5-black?search=%20&page=64,"HiFuture Altus Bluetooth 5.3 Speaker with APTX waterproof, up to 8-Hours Battery Life, True Wireless Stereo (TWS) mode, 8.0, IPX5 - Black","['Durable and Versatile Design: The Altus features a rugged exterior for long-lasting use and a multiway strap that allows for versatile carrying options—wear it on your wrist, attach it to your backpack, or hang it from a parasol.', 'Outdoor-Ready Construction: With an IPX5 rating, this speaker is both waterproof and dustproof, making it perfect for use by the pool, at the beach, or in the park.', 'Seamless Wireless Connectivity: Bluetooth 5.3 ensures faster, more stable connections and hassle-free pairing, enabling hands-free phone calls and easy audio streaming during your outdoor adventures.', 'Extended Battery Life: Enjoy up to 8 hours of uninterrupted music playback, making the Altus ideal for activities like yoga sessions, beach outings, or relaxed outdoor gatherings.', '1. Stylish and Functional Features: The Altus combines an edgy design with mesh texture and vibrant fabrics for a standout look. It includes smart power-saving features with Type-C fast charging for quick power replenishment and advanced True Wireless Stereo (TWS) mode to pair two speakers for a richer, more immersive sound experience.']",JOD,20.00,,+962796802525
2,https://citycenter.jo/redragon-m724w-wired-gaming-mouse-42g-ultra-light-12-400-max-dpi-optical-gaming-mouse-with-5-programmable-buttons-ergonomic-natural-grip-build-software-supports-diy-keybinds-dpi-white?search=%20&page=430,"Redragon M724W Wired Gaming Mouse, 42G Ultra-Light 12,400 Max DPI Optical Gaming Mouse with 5 Programmable Buttons, Ergonomic Natural Grip Build, Software Supports DIY Keybinds & DPI - White","['Pentakill, 5 DPI Levels - Geared with 5 redefinable DPI levels (default as: 1200/2400/3500/5500/12400), easy to switch between different game needs. Dedicated demand of DPI options between 200-12,400 is also available to be processed by software.', '42 Gram Lightweight - Coming in hot is the LIGHTEST Redragon mouse, selected ultra-light materials and well-crafted form to offer the fastest, cleanest, and fully controlled mouse using. You are controlling the mouse with no hassle and no extra effort.', 'Take The Advanced Shot - 5 programmable buttons are all editable with customizable tactical keybinds in whatever game or work you are engaging. Default 2 side buttons will get you all covered, hit your hotkeys/keybinds faster than ever with M724.', 'Comfort & Natural Grip - Following the natural structure of the human hand, the M724 is perfectly shaped for long-lasting use. It makes you easily to handle am to pm gaming parties or overtime & overdue work with less fatigue.', 'Uncompromised Driver Support - All buttons with hotkeys, media, DPI settings are all customizable with Redragon dedicated software. Pre-aim your opponents and get overwhelming to the victory in your exactly wanted way.']",JOD,10.00,,+962796802525
3,https://citycenter.jo/asus-rog-hyperion-gr701-eatx-full-tower-case-semi-open-structure-tool-free-side-panels-up-to-2-x-420mm-built-in-graphics-card-holde-usb-type-c-white?search=%20&page=23,ASUS ROG Hyperion GR701 EATX Full-Tower case Semi-Open Structure Tool-Free Side Panels up to 2 x 420mm Built-in Graphics Card Holde USB Type-C - White,"['', 'Extra cooling: Semi-open structure for improved airflow, supports up to 2 x 420mm radiators for large AIOs or custom water cooling.', 'Extra style: Sturdy diecast aluminum-alloy frame, and top bars can used as carry handles, capable of supporting up to 80KG', 'Extra convenience: Hinged tool-free side panel, a built-in storage drawer and an integrated graphics card holder offer a premium building experience', 'Built-in graphics card holder that supports both vertical and horizontal installations', 'Two front panel Type-C ports with 60W fast charge support', 'ROG-themed front plate with embedded ARGB lighting', 'Internal hub with 6 PWM fan headers and 8 ARGB headers']",JOD,319.00,,+962796802525
4,https://citycenter.jo/razer-blackwidow-x-chroma-mechanical-keyboard?search=%20&page=420,Razer BlackWidow X Chroma Mechanical Keyboard,"Wired USB Connection
Razer Green Switches
Customizable RGB Backlight
Fully Programmable Keys
Anti-Ghosting, 10-Key Rollover
1000 Hz Ultrapolling
On-the-Fly Macro Recording
Compatible with Windows and Mac Systems",JOD,130.00,,+962796802525
5,https://citycenter.jo/lg-24mp88hv-24-full-hd-ips-flicker-safe-w-2-0-hdmi?search=%20&page=370,"LG 24MP88HV 24""  Full HD IPS Flicker Safe w/ 2.0 HDMI","1920 x 1080 IPS Monitor 5ms , Infinity Display (2.5mm bezel) , sRGB over 99% , On-Screen Control with Screen Split 2.0 , D-Sub, HDMI",JOD,175.00,,+962796802525
6,https://citycenter.jo/dell-latitude-new-5450-14-2024-intel-core-i7-13gen-10-core-ultimate-security-to-work-from-everywhere-w-full-hd-ir-camera-better-cooling-customized-grey?search=%20&page=51,Dell Latitude NEW 5450 14 (2024) Intel Core i7 13Gen 10-Core Ultimate Security To Work From Everywhere w/ FUll HD IR Camera & Better Cooling (Customized) - Grey,"Dell NEW Latitude 5450 14 (2024) 13Gen Intel Core i7-1355U up to 5.0GHz 12M Cash 10-Cores , 16GB RAM DDR5 (Customized) ,  512 GB M.2 PCIe NVMe SSD Class 35 , 14.0"" IPS Full HD 250nits Anti-glare 250 nits  , Intel Iris Xe Graphics Card ,  Full HD Camera , Wireless ,  Bluetooth , Backlit Arabic / English Keyboard , Dos",JOD,849.00,799.00,+962796802525
7,https://citycenter.jo/hoco-l19-wireless-microphones-receiver-type-c-with-lightning-adapter-for-iphone-and-android-graceful-dual-mic-lavalier-wireless-microphone-black?search=%20&page=291,"HOCO L19 Wireless Microphones, Receiver Type-C with Lightning Adapter for iPhone and Android, Graceful Dual Mic Lavalier Wireless Microphone - Black","['Plug and play, easy to use', '360-degree sound recording design, quick response, delicate sound recording', 'Can be clipped on clothes for use, such as collars, T-shirt cuffs, etc.', 'Widely used in various occasions, such as life video recording, karaoke recording, video live recording, online teaching video production, etc.']",JOD,19.00,,+962796802525
8,https://citycenter.jo/hohem-mic-01-wireless-lavalier-microphone-dsp-noise-cancellation-20-hours-battery-wireless-microphone-for-android-pc-camera-interview-vlogs-2-tx-1-rx-charging-case-white?search=%20&page=66,"Hohem MIC-01 Wireless Lavalier Microphone DSP Noise Cancellation 20-Hours Battery, Wireless Microphone For Android, PC, Camera, Interview, Vlogs (2 TX + 1 RX + Charging Case) - White","[""【DSP Noise Cancellation】Hohem MIC-01 equipped with the advanced audio processing algorithm, a high-performance DSP noise cancellation chip in each TX transmitter minimizes wind noise when you're talking -so your voice is always heard loud and clear."", '【Support Backup Recording】Equipped with a TF card slot, the TX transmitter can be used for local audio backup. Additionally, it also serves as a standalone recorder. Supports TF cards of 32GB or lower capacity (FAT format) and can record continuously for up to 94 hours.(*Note:TF storage card not included in the package.)', '【Remote Shutter Control】Hohem lavalier microphone supports innovative smartphone shutter control, enabling remote control for photography and video recording on your phone. Simple one-click you can take a picture, start/stop Recording. Get a new shooting experience!', '【328ft Long-Range Transmission】With a long-range transmission capability of 328 feet (100 meters), this microphone unlocks boundless outdoor possibilities and delivers exceptional audio capture performance.', '【360° Omnidirectional Pickup】Built-in omnidirectional microphone catches sound from every direction even when the TX transmitter is held upside down. Real-time Monitoring is also supported, allowing you to listen in sync while recording, ensuring your recordings meet your desired standards.', ""【20-Hour Battery Runtime】 Each transmitter's battery life is 7.5 hours, and up to 20 hours with the charging case. The wireless lavalier microphone is ready for extended shoots, long lectures, or marathon live sessions.""]",JOD,69.00,,+962796802525
9,https://citycenter.jo/anker-usb-c-hub-5-in-1-usbc-to-hdmi-splitter-with-4k-display-1-x-powered-usb-c-5gbps-2-powered-usb-a-3-0-5gbps-data-ports-for-macbook-pro-macbook-air-dell-and-more-black?search=%20&page=10,"Anker USB C Hub, 5-in-1 USBC to HDMI Splitter with 4K Display, 1 x Powered USB-C 5Gbps & 2×Powered USB-A 3.0 5Gbps Data Ports for MacBook Pro, MacBook Air, Dell and More - Black","['5-in-1 Connectivity: Equipped with a 4K HDMI port, a 5 Gbps USB-C data port, two 5 Gbps USB-A ports, and a USB C 100W PD-IN port. Note: The USB C 100W PD-IN port supports only charging and does not support data transfer devices such as headphones or speakers.', 'Powerful Pass-Through Charging: Supports up to 85W pass-through charging so you can power up your laptop while you use the hub. Note: Pass-through charging requires a charger (not included). Note: To achieve full power for iPad, we recommend using a 45W wall charger.', 'Transfer Files in Seconds: Move files to and from your laptop at speeds of up to 5 Gbps via the USB-C and USB-A data ports. Note: The USB C 5Gbps Data port does not support video output.', 'HD Display: Connect to the HDMI port to stream or mirror content to an external monitor in resolutions of up to 4K@30Hz. Note: The USB-C ports do not support video output.']",JOD,29.00,,+962796802525
10,https://citycenter.jo/asus-rog-strix-z890-a-gaming-wi-fi-lga-1851-atx-motherboard-intel-z890-chipset-4x-ddr5-dimm-slots-up-to-192gb-max-memory-wi-fi-7-bt-5-4-pcie-5-0-x16-slot-5x-m-2-slots-white?search=%20&page=25,"ASUS ROG Strix Z890-A Gaming Wi-Fi LGA 1851 ATX Motherboard, Intel Z890 Chipset, 4x DDR5 DIMM Slots, Up to 192GB Max Memory, Wi-Fi 7 & BT 5.4, PCIe 5.0 x16 Slot, 5x M.2 Slots, White","['Ready for Advanced AI PCs: Designed for the future of AI computing, with the power and connectivity needed for demanding AI applications', 'Intel LGA 1851 Socket: Ready for Intel Core Ultra processors (Series 2)', 'Exclusive AI Technologies: NPU Boost, ASUS AI Advisor, ASUS-exclusive AI Overclocking, AI Cooling II, AI Networking II', 'Robust Power Solution: 16(90A)+2(90A)+1(90A)+2(80A) power stages with ProCool II power connectors, MicroFine alloy chokes and premium metallic capacitors', 'Optimized Thermal Design: Massive heatsinks with integrated I/O cover, high-conductivity thermal pads, and connected with an L-shaped heatpipe', 'Latest M.2 Support: One PCIe 5.0 M.2 slots and four PCIe 4.0 M.2 slots, all with substantial cooling solutions', 'Abundant Connectivity: Dual Thunderbolt 4 USB Type-C ports, USB 10Gbps Type-C rear I/O port with up to 30-watt Power Delivery fast charging plus USB Wattage Watcher, five additional USB 10Gbps ports, PCIe 5.0 x16 SafeSlot, and full support for next-gen graphics card, HDMI 2.1 and DisplayPort 1.4']",JOD,379.00,,+962796802525
11,https://citycenter.jo/kensington-k72426am-presenter-expert-green-laser?search=%20&page=332,Kensington K72426AM Presenter Expert Green Laser,"2.4GHz Wireless
Storable USB Receiver
Wireless Range up to 150'
Green Laser Pointer
10x Brighter Than Red Pointers
Presenter Mode / Cursor Control Mode
Backlit Buttons
Low Battery Indicator
On/Off Switch
Carry Pouch Included",JOD,59.00,,+962796802525
12,https://citycenter.jo/lenovo-yoga-6-2022-new-5gen-amd-ryzen-7-8-cores-touch-2-in-1-dark-teal-w-aluminum-top-cover?search=%20&page=368,Lenovo YOGA 6 (2022) NEW 5Gen AMD Ryzen 7 8-Cores Touch 2-in-1 Dark Teal w/ Aluminum Top Cover,"Lenovo YOGA 6 (2022) NEW 5Gen AMD Ryzen 7 up to 4.3GHz 8-Cores 12M Cash , 16GB Soldered LPDDR4x-4266 , 1TB SSD M.2 2242 PCIe 3.0x4 NVMe , 13.3"" IPS WUXGA Full HD+ (1920x1200) IPS 300nits Glossy 100% sRGB Dolby Vision TÜV Low Blue Light Multi Touch Display , AMD Vega Graphic Card , Full HD Camera , Wireless , Bluetooth , Backlit Arabic / English Keyboard , Windows 11 Home",JOD,699.00,649.00,+962796802525
13,https://citycenter.jo/apple-smart-folio-for-ipad-pro-12-9-inch-6th-5th-4th-and-3rd-generation-deep-navy?search=%20&page=210,"Apple Smart Folio for iPad Pro 12.9-inch (6th, 5th, 4th and 3rd Generation) - Deep Navy","Protects the front and back of your deviceAuto on/off function when opened and closedSoft interior lining protects against scratchesAllows access to all ports and functionalityBuilt in stand enables reading, viewing and typing modes",JOD,25.00,19.00,+962796802525
14,https://citycenter.jo/product/search?search=%20&page=308,,,,,,
15,https://citycenter.jo/msi-suprim-liquid-x-geforce-rtx-4090-24gb-gdrr6x-384-bit-pci-express-4-0-video-card?search=%20&page=406,MSI SUPRIM Liquid X GeForce RTX 4090 24GB GDRR6X 384-Bit PCI Express 4.0 Video Card,[],JOD,"1,799.00",,+962796802525
16,https://citycenter.jo/apple-ipad-air-5th-generation-2022-m1-8-cores-10-9-64gb-wifi-blue?search=%20&page=200,"Apple iPad Air 5th Generation (2022) M1 8-Cores 10.9"" (64GB) Wifi  ((Open Box)) - Blue","Apple iPad Air 5th Generation (2022) M1 up to 3.2Ghz 8-Cores Total L1/L2/L3 34M Cash , 8GB RAM , 64GB Storage , 10.9""  Liquid Retina ( 2360x1640 ) 264 ppi 500 nits Display  , Apple M1 8-Core Graphic Card , 12 MP Rear & 12 MP Front Camera , WIFI , Bluetooth 5.0 , Li-Po 28.6 WHR Battery , iPadOS 15.4 (19E241)",JOD,499.00,399.00,+962796802525
17,https://citycenter.jo/mpow-air-se-headset-3d-surround-in-line-control-for-pc-ps4-ps5-xbox-switch-red?search=%20&page=394,"Mpow Air SE Headset 3D Surround In-Line Control For PC/PS4/PS5/Xbox/Switch , Red","● Multi-Platform Compatibility Mpow Headset Surround Sound Gaming Designed to be an essential gaming device. Versatile 3.5mm jack makes it perfect for using PC and Mac, including PS4 Pro and PS4 consoles, Xbox One, Nintendo Switch, iPad,, mobile phones, etc. Tips: You need a Microsoft adapter (not included) for older Xbox One models. . ● For Gaming Surround Sound Dual 50mm provides 3D surround sound with better BASS response. Hear enemy footsteps, gunfire and other environmental cues with clarity to give you a competitive advantage in battle. ● Crafted for Comfort Mpow gaming headsets are designed with plush memory foam earpads, which conform to the shape for ultimate comfort. Adjustable headband provides lasting comfort for hours of gaming experience. Sturdy steel sliders and aluminum make the Mpow headset many years of normal use.● Noise Canceling Mic The microphone cancels outside noise for crystal clear communication, so voice commands are always heard by your teammates. Perfect for Discord, Skype, TeamSpeak, etc. You can position the 360° rotatable microphone accordingly. You need for better pickup ● Audio control cable. Easily adjust the microphone and volume while playing games through the control box. Perfect for Halo 5 Guardians, Metal Gear Solid, Call of Duty, Star Wars Battlefront, etc.The 7.2ft (2.2m) tangle-free nylon cord provides enough freedom to move around during gameplay.",JOD,39.00,25.00,+962796802525
18,https://citycenter.jo/victus-by-hp-2023-15-fa1023ne-new-13gen-intel-core-i7-14-cores-w-rtx-4050-6gb-144hz-display-white?search=%20&page=465,Victus by HP (2023) 15-fa1023ne NEW 13Gen Intel Core i7 14-Cores w/ RTX 4050 6GB & 144Hz Display - White,"Victus by HP (2023) 15-fa1023ne 13Gen Core i7 13700H 14-Core up to 5.0GHz 24M Cashe , 16 GB DDR4-3200 MHz RAM , 512 GB PCIe® NVMe™ M.2 SSD ,  NVIDIA® GeForce RTX™ 4050 Laptop GPU (6 GB GDDR6 dedicated) ,  15.6"" IPS Full HD 144Hz 250 nits Anti-glare , Camera , Wireless , Backlit Arabic/English  , Windows 11 Home",JOD,949.00,849.00,+962796802525
19,https://citycenter.jo/cc-power-5070-101-gaming-pc-new-14gen-intel-i7-20-cores-w-nvidia-rtx-5070-12gb-ddr7-w-advanced-air-cooler?search=%20&page=35,CC Power 5070-101 Gaming PC NEW 14Gen Intel I7 20-Cores w/ Nvidia RTX 5070 12GB DDR7 w/ Advanced Air Cooler,"Intel NEW 14Gen Core i7-14700F 20-Cores up to 5.4 GHz L2+L3 61MB Cache , Thermalright Assassin 120 CPU Air Cooler, Kingston FURY Beast RGB 32GB (2 x 16GB) 5600MHz DDR5, MSI B760M BOMBER WIFI DDR5 Intel 14th/13th Gen PCIe 4.0 DDR5,  Nvidia GeForce RTX 5070 12GB GDDR7 OC Edition  , DeepCool CG530 4F Panoramic ATX Mid-Tower Case 4x Pre Installed , Deepcool PL650D 80 PLUS Bronze 650w Non-Modular ATX12V V3.0 , WD Blue SN5000 1TB NVMe M.2 SSD PCIe Gen 4.0 Up to 5,150 MB/s , Dos",JOD,"1,299.00","1,249.00",+962796802525
20,https://citycenter.jo/asus-rog-swift-pg348q-4k-100hz-w-g-sync-gaming-monitor-free-call-of-duty-code?search=%20&page=230,"ASUS ROG Swift PG348Q 4K , 100Hz w/ G.Sync Gaming Monitor","34-inch Ultra-wide QHD (3440 x 1440) curved , NVIDIA G-SYNC display technology and a 100Hz refresh rate , New ROG Armor Titanium and Plasma Copper color scheme and built-in LED effects",JOD,"1,075.00",799.00,+962796802525
21,https://citycenter.jo/samsung-galaxy-tab-s9-fe-10-9-90hz-android-wifi-6-tablet-w-ip68-rating-45w-fast-charging-s-pen-included-grey?search=%20&page=437,"Samsung Galaxy Tab S9 FE 10.9"" 90Hz Android WIFI 6 Tablet w/ IP68 Rating & 45W Fast Charging (S Pen Included) - Grey","Samsung Exynos 1380 Octa-core (4x2.4 GHz Cortex-A78 & 4x2.0 GHz Cortex-A55) , 6GB RAM , 128GB Storage , 10.9"" IPS WUXGA+ (2304x1440) 90Hz Display , Mali-G68 MP5 , Rear 8MP (Main) + Front 12MP Cameras , WIFI 6  , Bluetooth 5.3 , Li-Po 8,000mAh Battery , Android 13",JOD,349.00,289.00,+962796802525
22,https://citycenter.jo/skullcandy-dime-3-wireless-earbuds-bluetooth-headphones-noise-isolating-fit-up-to-20-hours-battery-microphone-for-iphone-android-easy-carry-with-integrated-lanyard-preppy-blue?search=%20&page=151,"Skullcandy Dime 3 Wireless Earbuds, Bluetooth Headphones, Noise Isolating Fit, Up to 20 Hours Battery, Microphone for iPhone Android, Easy Carry with Integrated Lanyard - Preppy Blue","['Supreme Audio - workout, relax, skate listening favorite tunes. Hear every beat of your music and let the bass blow UP. We put a mic in each bud allowing you to have 1 bud in and leave the other in the case, call and hear outside sound at the same time', 'Latest Sound Tech - Stay-Aware Mode to allow you to stay tuned-in to the world around you. 3 preset EQ modes optimize audio for any media. Clear Voice Smart Mic uses AI to isolate the speaker’s voice and cut out background noise.', 'Hours of Power - We built Dime 3 with a small, efficient battery that cuts its carbon footprint to less than half that of other earbuds. It delivers 8 hours of listening time in the bud and 2 full charges in the case for a full 20 hours of battery life', 'Never lost with Tile - With Tile technology, Skullcandy makes it super easy to track down either earbud and keep your gadgets safe. Download the Tile app and follow the instructions to activate', 'Multipoint Pairing - Allows you to pair your earbuds to two devices at once. Connections are managed automatically. If you get a call while watching a movie on your laptop, your connection will switch to the call on your phone.']",JOD,29.00,,+962796802525
23,https://citycenter.jo/mcdodo-mc-0692-gopower-magnetic-digital-display-power-bank-10000mah-blue?search=%20&page=387,Mcdodo MC-0692 Gopower Magnetic Digital Display Power Bank 10000mAh - (Blue),"Strong & Stable SuctionSuper Battery LifeWired/Wireless Charging Two Modes, Quick ChargeLED Digital DisplayUse Self-Charging & Wireless Charging At The The Same TimeSmart Temperature ControlWith Magnetic CaseMultiple Compatibility iOS/Android/EarphonePC Material",JOD,27.00,,+962796802525
24,https://citycenter.jo/hp-laserjet-enterprise-m612dn-monochrome-printer-with-built-in-ethernet-2-sided-printing-up-to-75-ppm-white?search=%20&page=70,HP LaserJet Enterprise M612dn Monochrome Printer with built-in Ethernet & 2-sided printing up to 75 ppm -  White,"['World’s most secure printing: Print consistently high-quality, 2-sided documents with the HP LaserJet Enterprise M612dn, a monochrome duplex laser printer with JetIntelligence designed to combine performance, energy efficiency, and security', 'Self-repair from hacks: With HP Sure Start, this monochrome printer regularly checks its operating code at start-up and repairs itself from attempted hacks', 'Centralize printing control: Help build business efficiency with HP Web JetAdmin by easily adding new devices and third-party solutions, updating features, and applying corporate policies', 'High-speed performance: Keep your business moving and productive with a 650-sheet total input tray capacity, a 4.3"" color touchscreen, first page out as fast as 5.1 seconds, and print speeds of up to 75 ppm', 'Energy-efficient: This black and white laser printer uses low amounts of energy thanks to its innovative design and toner technology', '2-sided prints at the speed of 1: Speed through tasks and save paper by printing two-sided documents nearly as fast as single-sided', 'Performance and protection you can count on: Produce sharp text, bold blacks, and crisp graphics with Original HP 147A toner cartridges with JetIntelligence, designed to help protect your printer with anti-fraud and cartridge authentication technology']",JOD,699.00,,+962796802525
25,https://citycenter.jo/wiwu-ch-010-car-mount-cell-phone-holder-hands-free-mobile-stand?search=%20&page=474,WiWU CH-010 Car Mount Cell Phone Holder Hands Free Mobile Stand,"['Easily mount your phone in your car with the WiWU CH010 Car Mount Cell Phone Holder. Experience hands-free convenience while driving, allowing you to focus on the road. The sturdy design ensures your phone stays in place, providing a safe and secure way to use your phone on the go.']",JOD,6.00,,+962796802525
26,https://citycenter.jo/msi-vigor-gk30-gaming-keyboard-gm11-mouse-combo-arabic-english?search=%20&page=407,MSI Vigor GK30 Gaming Keyboard & GM11 Mouse COMBO Arabic & English,"Immediately up your game with the Vigor GK30 Gaming Keyboard and GM11 Mouse Combo from MSI. The GK30 brings satisfying tactile feedback, improved stability, and water resistance while the GM11 offers adjustable DPI settings and an ambidextrous design. Together, they are designed to deliver an enhanced gaming experience. Both are compatible with Windows 7, 8, and 10, as well as MSI's Dragon Center Software.",JOD,45.00,,+962796802525
27,https://citycenter.jo/hyperx-hxmc004b-pulsefire-core-rgb-gaming-mouse?search=%20&page=322,HyperX HXMC004B Pulsefire Core RGB Gaming Mouse,"- Pixart 3327 optical sensor with native DPI of up to 6,200
- Comfortable symmetric design
- Seven programmable buttons
- Easy customisation with HyperX NGenuity software
- Large mouse skates for smooth, controlled gliding",JOD,29.00,20.00,+962796802525
28,https://citycenter.jo/asus-tuf-gaming-geforce-rtx-3080-v2-10gb-oc-edition-320-bit-gddr6x?search=%20&page=234,ASUS TUF Gaming GeForce RTX 3080 V2 10GB OC Edition 320-Bit GDDR6X,10GB 320-Bit GDDR6X2 x HDMI 2.1 3 x DisplayPort 1.4a8704 CUDA CoresPCI Express 4.0 x16,JOD,699.00,599.00,+962796802525
29,https://citycenter.jo/blackview-bv6300-pro-unlocked-rugged-smartphone-6gb-128gb-waterproof-smartphone-5-7-hd-display-4380mah-battery?search=%20&page=31,"Blackview BV6300 Pro Unlocked Rugged Smartphone (6GB/128GB) Waterproof Smartphone 5.7"" HD+ Display 4380mAh Battery","Blackview BV6300 Pro Rugged Mediatek MT6771T Helio P70 Octa-core (4x2.1 GHz Cortex-A73 & 4x2.0 GHz Cortex-A53) , 6GB RAM , 128GB Storage , 5.7"" IPS LCD (720x1440) 18:9 ratio (~282 ppi density) Corning Gorilla Glass 3 , Mali-G72 MP3 , 16 MP Rear & 13 MP Camera Front , LTE/WIFI  , Bluetooth 5.0 , 4,320 mAh Battery , Android 10",JOD,119.00,,+962796802525
30,https://citycenter.jo/tp-link-ls108gp-8-port-poe-gigabit-ethernet-switch-62w-extend-mode-poe-auto-recovery-desktop-wall-mount-silent-operation?search=%20&page=460,TP-Link LS108GP 8 Port PoE Gigabit Ethernet Switch 62W Extend Mode PoE Auto Recovery Desktop/Wall Mount Silent Operation,[],JOD,30.00,,+962796802525
31,https://citycenter.jo/fsp-hyber-s-hp600s-600w-80-atx-power-supply-black?search=%20&page=282,FSP HYBER S HP600S 600W 80+ ATX Power Supply Black,"Complies with ATX 12V v2.4 & EPS 12V v2.92Meets 85% EfficiencyActive PFC, Power Factor ≧ 99%+12V Single Rail DesignPCI-Express 6+2 Pin Graphic Card ConnectorsSATA Array CableAll Sleeved Cables120mm Quiet FanComplete Protections: OCP, OVP, SCPMeet ErP/EuP 2013 StandardLatest Intel Platform ReadyMultiple Safety Approvals",JOD,49.00,,+962796802525
32,https://citycenter.jo/netgear-xr1000-nighthawk-pro-gaming-wifi-6-ax5400-gigabit-dual-band-wireless-speed-up-to-5-4gbps-with-dumaos-3-0-optimizes-lag-free-server-connections-router?search=%20&page=125,NETGEAR (XR1000) Nighthawk Pro Gaming WiFi 6 AX5400 Gigabit Dual Band Wireless Speed (up to 5.4Gbps) with DumaOS 3.0 Optimizes Lag-Free Server Connections Router,"['Powered by DumaOS 3.0. Reduce ping rates up to 93% and enjoy faster, lag-free online gaming and smoother streaming with this Router OS built especially for gamers', 'Fast AX5400 dual-band WiFi 6 performance with up to 4x more device capacity than AC routers', 'Works with any wired Ethernet or wireless gaming device including PCs, Xbox, PlayStation & Nintendo Switch consoles', 'Plug in computers, game consoles, streaming players and more with 4 x 1 G Ethernet ports', 'Share a storage drive with any connected device using the 1 x 3.0 USB port', 'NETGEAR Armor software provides an automatic shield of security for your WiFi and connected devices for real-time protection against hackers and added privacy with VPN. 30-day trial included', 'NETGEAR routers are secure out of the box and built to stay that way with automatic firmware updates and industry-leading safety features to help protect you and your family']",JOD,229.00,,+962796802525
33,https://citycenter.jo/account/account,,,,,,
34,https://citycenter.jo/cc-power-5060ti-102-gaming-pc-new-14gen-intel-i5-14400f-10-cores-w-nvidia-rtx-5060-ti-8gb-ddr6-w-ddr5-memory-advanced-air-cooler?search=%20&page=34,CC Power 5060TI-102 Gaming PC NEW 14Gen Intel I5 14400F 10-Cores w/ Nvidia RTX 5060 TI 16GB DDR7 w/ DDR5 Memory & Advanced Air Cooler,"Intel NEW 14Gen Core i5-14400F 10-Cores up to 4.7GHz L2+L3 29.5MB Cache , DEEPCOOL GAMMAXX AG300 CPU Air Cooler 3 Heatpipes Full Nickel , Kingston FURY Beast RGB 16GB (2 x 8GB) 5200MHz DDR5, MSI PRO B760M-E DDR5 Intel 13th Gen Motherboard PCIe 4.0 DDR5 ,  Nvidia GeForce RTX™ 5060 Ti 16GB GDDR7 OC Edition  , Raidmax Infinita i800CWF Chrome ATX Tempered Glass 4x 120mm ARGB Fan , Deepcool PL650D 80 PLUS Bronze 650w Non-Modular ATX12V V3.0 , WD Blue SN5000 1TB NVMe PCIe Gen 4.0 M.2Up to 5,150 MB/s , Dos",JOD,869.00,849.00,+962796802525
35,https://citycenter.jo/hp-m476dw-color-laserjet-pro-all-in-one-laser-printer?search=%20&page=306,HP M476dw Color LaserJet Pro All-in-One Laser Printer,"Print, Scan, Copy, Fax ,Maximum Print Resolution: 600 x 600 dpi,Print Speed: 21 ppm,Maximum Scan Resolution: 1200 x 1200 dpi,Scan Speed: 17 ppm B&W / 13 ppm Color",JOD,515.00,475.00,+962796802525
36,https://citycenter.jo/asus-the-prime-geforce-rtx-5070-oc-edition-12gb-gddr7-graphics-card-pcie-5-0-12gb-gddr7-hdmi-dp-2-1-2-5-slot-axial-tech-fans-dual-bios?search=%20&page=26,"ASUS The Prime GeForce RTX™ 5070 OC Edition 12GB GDDR7 Graphics Card (PCIe® 5.0, 12GB GDDR7, HDMI®/DP 2.1, 2.5-Slot, Axial-tech Fans, Dual BIOS)","['Powered by the NVIDIA Blackwell architecture and DLSS 4', 'SFF-Ready enthusiast GeForce card compatible with small-form-factor builds', 'Axial-tech fans feature a smaller fan hub that facilitates longer blades and a barrier ring that increases downward air pressure', 'Phase-change GPU thermal pad helps ensure optimal heat transfer, lowering GPU temperatures for enhanced performance and reliability', '2.5-slot design allows for greater build compatibility while maintaining cooling performance', 'Dual-ball fan bearings last up to twice as long as standard sleeve bearings', '0dB technology lets you enjoy light gaming in relative silence']",JOD,649.00,619.00,+962796802525
37,https://citycenter.jo/mcdodo-ca-1940-digital-hd-silicone-type-c-to-type-c-100w-data-cable-1-2m-purple?search=%20&page=108,Mcdodo CA-1940 Digital HD Silicone Type-C To Type-C 100W Data Cable 1.2M - Purple,"['MCDODO CA1940 Digital HD Silicone Type-C To Type-C 100W Data Cable 1.2M', 'With high power fast charger support quick charging for laptop, tablet, switch and other devices.', '100W PD High Power Max 5A Current', '480Mbps data transmission, charge/data transfer fast.']",JOD,7.00,,+962796802525
38,https://citycenter.jo/asus-rog-strix-geforce-rtx-4080-super-oc-edition-16gb-gddr6x-256-bit-memory-graphics-card?search=%20&page=227,Asus ROG Strix GeForce RTX 4080 SUPER OC Edition 16GB GDDR6X 256-Bit Memory Graphics Card,"Powered by NVIDIA DLSS3, ultra-efficient Ada Lovelace arch, and full ray tracing4th Generation Tensor Cores: Up to 4x performance with DLSS 3 vs. brute-force rendering3rd Generation RT Cores: Up to 2X ray tracing performanceOC mode: 2670 MHz (OC mode)/ 2640 MHz (Default mode)Axial-tech fans scaled up for 23% more airflowNew patented vapor chamber with milled heatspreader for lower GPU temps3.5-slot design: massive fin array optimized for airflow from the three Axial-tech fansDiecast shroud, frame, and backplate add rigidity and are vented to further maximize airflow and heat dissipationDigital power control with high-current power stages and 15K capacitors to fuel maximum performanceAuto-Extreme precision automated manufacturing for higher reliabilityGPU Tweak III software provides intuitive performance tweaking, thermal controls, and system monitoring",JOD,"1,299.00","1,199.00",+962796802525
39,https://citycenter.jo/aruba-instant-on-1930-24-port-poe-managed-switch-with-4x-sfp-128-gb-s-switching-capacity-370w-power-budget-white?search=%20&page=214,Aruba Instant On 1930 24-Port PoE+ Managed Switch with 4x SFP+ 128 Gb/s Switching Capacity 370W Power Budget- White,"['', '24 x Gigabit Ethernet PoE+ Ports', '4 x 10Gb SFP+ Slots', '128 Gb/s Switching Capacity', '95.23 Mpps Forwarding Rate', '800 MHz ARM Cortex-A9 CPU', 'Rackmount Design', '370W Power Budget', 'Supports Mobile App & Cloud Management']",JOD,399.00,,+962796802525
40,https://citycenter.jo/msi-geforce-rtx-4070-ti-gaming-x-slim-12-gb-gddr6x-tri-frozr-3-3x-torx-fan-5-0-gaming-silent-mode-rgb?search=%20&page=400,MSI GeForce RTX 4070 Ti GAMING X SLIM 12 GB GDDR6X TRI FROZR 3 3x TORX Fan 5.0 Gaming & Silent Mode RGB,"· TORX Fan 5.0: Fan blades linked by ring arcs and a fan cowl work together to stabilize and maintain high-pressure airflow· Copper Baseplate: Heat from the GPU and memory modules is captured by a copper baseplate and then rapidly transferred to Core Pipes· Core Pipe: A section of square-shape heat pipes make maximum contact over the GPU, then spread the heat to the heatsink· Airflow Control: Don’t sweat it, Airflow Control guides the air to exactly where it needs to be for maximum cooling· Take full control with the most recognized and widely used graphics card overclocking software in the world",JOD,759.00,669.00,+962796802525
41,https://citycenter.jo/lenovo-thinkpad-t16-gen-2-new-amd-ryzen-7-pro-7gen-8-core-amd-ryzen-ai-w-ddr5-memory-touch-screen-thunder-black?search=%20&page=364,Lenovo ThinkPad T16 Gen 2 NEW AMD Ryzen 7 Pro 7Gen 8-Core AMD Ryzen™ AI w/ DDR5 Memory & Touch Screen - Thunder Black,"Lenovo ThinkPad T16 Gen 2 NEW AMD Ryzen 7Gen 7840U Pro up to 5.1GHz 24M Cash 8-Cores , 32GB Soldered LPDDR5x-6400 ,  1TB SSD M.2 2280 PCIe® 4.0x4 NVMe® Opal 2.0 , 16.0"" IPS WUXGA (1920x1200) 300nits Anti-glare 45% NTSC Touch Screen  , AMD Radeon™ 780M Graphic Card ,  Full HD Camera , Wireless , Bluetooth , Finger Print , Backlit English (Arabic Optional) Keyboard . Windows 11 Pro Pre-Installed",JOD,999.00,,+962796802525
42,https://citycenter.jo/infinity-lab-instant-charger-65w-2-usb-powerful-usb-c-and-usb-a-gan-pd-charger-blue?search=%20&page=78,Infinity Lab Instant Charger 65W 2 USB Powerful USB-C and USB-A GaN PD charger - Blue,"['FAST CHARGE USB-C EQUIPPED LAPTOPS: Need a quick boost of power in the middle of your big project? The powerful, high-speed InstantCharger 65W 2 USB lets you fast-charge laptops equipped with USB-C ports, including the MacBook Air.', ""CHARGE YOUR DEVICE IN THE BLINK OF AN EYE: Power Delivery 3.0 ensures fast charging for your devices. We're talking recharged up to 50% in 30 minutes for an iPhone 12, 30 minutes for a Samsung Galaxy S20, or 45 minutes for a MacBook Air (2020). Yes, that fast"", ""LIGHT AND COMPACT: Bulky, heavy chargers be gone. Harnessing the power of GaN (gallium nitride) technology. Perfect for people who don't want to be weighed down."", ""CHARGE TWO DEVICES SIMULTANEOUSLY: The InstantCharger 65W 2 USB is equipped with one USB-A port and one USB-C port. So even if there's only one power outlet available, you don't need to fret about which device gets charged first."", ""SMART POWER DISTRIBUTION: You want efficiency? You want optimal charging speeds? The InstantCharger 65W 2 USB delivers. It's smart enough to know how to allocate power, depending on which devices are plugged in.""]",JOD,15.00,,+962796802525
43,https://citycenter.jo/synology-12tb-hat3310-plus-series-sata-iii-3-5-internal-nas-hdd?search=%20&page=155,"Synology 12TB HAT3310 Plus Series SATA III 3.5"" Internal NAS HDD","['Reliable Always-On Operation - Backed by 1.2 million hours MTBF and 180 TB/year workload rating', 'Tested for Maximum Reliability - Stringent validation and up to 500,000 hours of testing ensure reliability in Synology systems', 'Seamless Firmware Updates - Firmware updates can be performed directly in Synology DSM', 'Reliable Recording Technology - Conventional magnetic recording (CMR) technology offers consistent performance']",JOD,279.00,,+962796802525
44,https://citycenter.jo/lenovo-500-bluetooth-in-ear-headphones-integrated-microphone-dual-device-pairing-10-hours-playback?search=%20&page=344,Lenovo 500 Bluetooth in-Ear Headphones Integrated Microphone Dual-Device Pairing 10 Hours Playback,"Keep the good times rolling with the Lenovo 500 Bluetooth® in-ear headphones. The powerful in-ear speakers deliver a rich audio experience, while the in-line microphone allows you to connect with the people you love, anytime you want. And do it all without the hassle of ill-fitting earbuds or cables that limit your expression. Ergonomic form-fit earpieces make these wireless headphones comfortable to wear, while the neutral aesthetic keeps you looking sleek and stylish. With an impressively durable rechargeable battery that sports 10 hours of playback and 100 hours of standby, the music keeps playing and the good times never end.",JOD,45.00,35.00,+962796802525
45,https://citycenter.jo/logitech-signature-m650-large-2-year-battery-silent-wireless-bluetooth-multi-device-compatibility?search=%20&page=106,Logitech Signature M650 L Large 2 Year Battery Silent Wireless & Bluetooth Multi-Device Compatibility (( Left Hand )),[],JOD,35.00,30.00,+962796802525
46,https://citycenter.jo/lenovo-thinkpad-professional-backpack-up-to-15-6?search=%20&page=363,"Lenovo ThinkPad Professional Backpack Up To 15.6""","The Professional line of carrying cases offers durability and current style. These newly designed cases complement the look and feel of ThinkPad notebooks on the outside, and deliver clever durability and convenience on the inside. The Professional Carry",JOD,60.00,,+962796802525
47,https://citycenter.jo/arozzi-primo-premium-100-full-italian-leather-improved-foam-aluminum-base-built-in-lumbar-support-chair?search=%20&page=212,Arozzi Primo PREMIUM 100% Full Italian Leather Improved Foam Aluminum Base & Built in Lumbar Support Chair (( Open Box )),Full Leather Material​Soft neck pillow made out of velour​Built in adjustable lumbar support systemAdjustable height gas spring that supports up to 145kg/ 320 lbsLarge and spacious seat and backrestSturdy metal frame and aluminium wheel basePro locking tilt mechanism & 4D armrestsLarge premium casters,JOD,449.00,349.00,+962796802525
48,https://citycenter.jo/razer-kraken-v4-wireless-bluetooth-usb-super-wideband-mic-40mm-drivers-9-zone-rgb-lighting-for-pc-mac-ps5-nintendo-switch-steam-deck-smartphone-black?search=%20&page=140,"Razer Kraken V4 Wireless & Bluetooth & USB Super Wideband Mic 40mm Drivers 9 Zone RGB Lighting For PC, Mac, PS5, Nintendo Switch, Steam Deck, Smartphone - Black","['3 MODES OF CONNECTIVITY — From PC to console to phone, enjoy full audio immersion with ultra-fast 2.4 GHz wireless, Bluetooth, or stay plugged in for non-stop gaming via USB wired connection', 'RETRACTABLE HYPERCLEAR SUPER WIDEBAND MIC — This next-gen retractable microphone covers a wider frequency of sound and captures an incredible amount of voice detail so that everything said sounds clear, rich, and natural', 'TRIFORCE TITANIUM 40 MM DRIVERS — Razer patented 3-part driver design pushes out exceptional highs, mids, and lows that don’t muddy, providing a more dynamic listening experience for deeper immersion', 'THX SPATIAL AUDIO — With our advanced 7.1 surround sound, enjoy true-to-life acoustics that optimize the game’s sound design and hear everything as if you were right in the middle of it all', 'QUICK GAME/CHAT MIX & VOLUME BALANCE — Easily switch between adjusting overall volume or game/chat mix and get the right balance of game audio and voice comms even in the chaos of battle', '9-ZONE EARCUP CHROMA RGB LIGHTING — With access to 16.8 million colors and a suite of lighting effects, apply preferred settings and watch it work seamlessly with over 300 games and 500 devices across more than 50 partners']",JOD,149.00,,+962796802525
49,https://citycenter.jo/huawei-freebuds-se-2-up-to-40-hour-battery-life-compact-and-comfortable-to-grip-3-hours-of-music-playback-on-a-10-minute-charge-ip54-dust-splash-resistance-for-android-ios-blue?search=%20&page=317,"HUAWEI FreeBuds SE 2, up to 40-Hour Battery Life, Compact and Comfortable to Grip, 3 Hours of Music Playback on a 10-Minute Charge, IP54 Dust & Splash Resistance For Android & iOS - Blue","['40-HOUR BATTERY LIFE. Once fully charged, the Bluetooth earbuds will sustain up to 9 hours of listening, and when charged multiple times with the case, they can support up to 40 hours of listening', 'COMPACT AND COMFORTABLE TO GRIP. Each earbud weighs as little as 3.8 g, and is designed to create a snug fit, thanks to +300,000 ear canal samples and ergonomic simulation-based analysis.', '3 HOURS OF MUSIC PLAYBACK ON A 10-MINUTE CHARGE. Charge the earphones for 10 minutes before your commutes, and enjoy your favorite music for 3 hours.', 'ROBUST BLUETOOTH 5.3 CONNECTIONS: Robust Bluetooth 5.3 connections keep sound and image in sync, for immersive viewing and gaming. Enjoy clear calls and excellent music sound']",JOD,25.00,,+962796802525
50,https://citycenter.jo/lg-electronics-8x-usb-2-0-slim-portable-dvd-rewriter-external-drive-with-m-disc-support-black?search=%20&page=374,"LG Electronics 8X USB 2.0 Slim Portable DVD Rewriter External Drive with M-DISC Support, Black",[],JOD,29.00,,+962796802525
51,https://citycenter.jo/asus-tuf-gaming-750w-80-bronze-axial-tech-fan-0db-technology-psu?search=%20&page=232,ASUS TUF Gaming 750W 80+ Bronze Axial-tech Fan 0dB Technology PSU,Military-grade Certification: All critical capacitors and chokes pass demanding tests to achieve Military-grade CertificationAxial-tech fan design features a smaller fan hub that facilitates longer blades and a barrier ring that increases downward air pressure.Dual ball fan bearings can last up to twice as long as sleeve bearing designs.0dB Technology lets you enjoy light gaming in relative silence.An 80 Plus Bronze Certification is earned with high-quality components that pass rigorous testing.80cm 8-pin CPU connector (EPS 12V),JOD,95.00,,+962796802525
52,https://citycenter.jo/samsung-odyssey-oled-g8-32-g80sd-4k-uhd-smart-240hz-0-03ms-hdr10-g-sync-compatible-glare-free-display-gaming-hub-sleek-metal-design-black?search=%20&page=148,"SAMSUNG Odyssey OLED G8 32"" (G80SD) 4K UHD Smart 240Hz 0.03ms HDR10 G-Sync Compatible Glare-Free Display Gaming Hub Sleek Metal Design - Black","['EXPERIENCE A BRIGHTER WORLD: Content springs to life in 4K OLED; Brilliant imagery shines with 250 nits (typ) of brightness and a wider spectrum of colors, shades & contrasts; The NQ8 AI Gen3 Processor also upscales lower resolutions to nearly 4K', 'OUTMANEUVER OPPONENTS w/ SUPREME SPEED: Dodge, counter & engage faster with OLED technology, offering a near-instant 0.03ms response time (GtG); Stay ahead with HDMI 2.1 & DisplayPort connections & a 240Hz refresh rate in UHD resolution¹', 'DYNAMIC COOLING SYSTEM: For the 1st time ever, a Pulsating Heat Pipe was introduced into the monitor to prevent burn-in; The Dynamic Cooling System evaporates & condenses a coolant to diffuse heat 5x better than the older graphite sheet method²', 'THERMAL MODULATION SYSTEM: Algorithms predict surface temperature and automatically control brightness to reduce heat accordingly³', 'LOGO & TASKBAR DETECTION: The brightness on static images, like logos and taskbars, is automatically reduced to prevent burn-in⁴', 'SCREEN SAVER: The screen dims itself after 10 minutes of inactivity, and comes back to regular brightness with any input²', ""IMPROVED FOCUS, NO DISTRACTIONS: Glare Free technology significantly reduces glare from external light sources, so the OLED screen's perfect black and color experience are presented without distractions""]",JOD,999.00,,+962796802525
53,https://citycenter.jo/product/search?search=%20&page=214,,,,,,
54,https://citycenter.jo/western-digital-16tb-wd-gold-enterprise-class-hdd-7200-rpm-class-512-mb-cache-3-5?search=%20&page=471,"Western Digital 16TB WD Gold Enterprise Class HDD 7200 RPM Class 512 MB Cache 3.5""","['16TB Storage Capacity performance with enhanced caching, making it perfect for cloud data center and massive scale-out data center applications.', 'With up to 2.5M hours MTBF, WD Gold hard drives deliver enhanced levels of dependability and durability.', 'Specifically designed for use in enterprise-class data centers and storage systems, the WD Gold SATA HDD delivers the world-class performance you expect from Western Digital hard drives.', 'Delivering excellent service to any storage environment, WD Gold hard drives are designed to handle workloads up to 550TB2 per year – among the highest of any 3.5-inch hard drive.']",JOD,369.00,,+962796802525
55,https://citycenter.jo/amazon-echo-pop-gen-1-built-in-alexa-smart-wi-fi-bluetooth-speaker-balanced-bass-voice-control-loud-sound-glacier-white?search=%20&page=189,Amazon Echo Pop Gen 1 Built-in Alexa Smart Wi-Fi & Bluetooth Speaker Balanced Bass Voice Control Loud Sound - Glacier White,"['Stylish design that blends into any decor.', 'Available in 4 exciting colors (Black, White, Green, Purple).', 'Play hands-free music from Amazon Music, Spotify, Jio Saavn, Apple Music. Just ask Alexa (some apps may require subscription).', 'Voice control smart lights, ACs, TVs, geysers. Extend the experience to non-smart appliances using smart plugs (to be purchased separately).', 'Ask Alexa to play nursery rhymes, set alarms, reminders and much more.', 'Use as a standalone speaker or pair your phone to use as a Bluetooth speaker.', 'Built with multiple layers of privacy controls, including a mic off button.']",JOD,35.00,,+962796802525
56,https://citycenter.jo/hyperx-pulsefire-fuse-wireless-bluetooth-lightweight-75g-long-battery-life-up-to-850-hours-up-to-12k-dpi-led-rgb-lighting-2-support-pc-ps5-xbox-series-x-s-black?search=%20&page=77,"Hyperx Pulsefire Fuse Wireless & Bluetooth Lightweight 75G Long Battery Life Up to 850 hours up to 12k Dpi LED RGB Lighting 2 Support PC, PS5™, Xbox Series X|S , Black","Designed for Comfort, Built for ControlLightweight 75g Build for Enhanced MobilityUp to 85 Hours1 of Play with One AAA BatteryCustomizable DPI up to 12kDual Wireless ConnectivityCustomizable with NGENUITYLED RGB lighting22.4GHz Wireless / Bluetooth® 5.1",JOD,35.00,,+962796802525
57,https://citycenter.jo/pny-nvidia-quadro-t1000-4-gb-gddr6-graphics-card-w-4-mini-displayports-lp-single-slot?search=%20&page=411,PNY Nvidia Quadro T1000 4 GB GDDR6 Graphics Card w/ 4 MINI DisplayPorts LP Single Slot,[],JOD,299.00,,+962796802525
58,https://citycenter.jo/lenovo-thinkpad-l13-yoga-gen-4-13gen-intel-core-i7-10-core-business-class-2-in-1-touch-screen-thunder-black?search=%20&page=362,Lenovo ThinkPad L13 YOGA Gen 4 13Gen Intel Core i7 10-Core Business Class 2-in-1 Touch Screen - Thunder Black,"Lenovo ThinkPad L13 YOGA GEN 4 13Gen Intel Core i7 up to 5.0GHZ 10-Core 12MB Cashe , 16GB Soldered LPDDR5-4800 ,  1TB SSD M.2 2242 PCIe® 4.0x4 NVMe® Opal 2.0 , 13.3"" WUXGA (1920x1200) IPS 300nits Anti-reflection / Anti-smudge 100% sRGB Touch Screen , Intel Iris Xe Graphic Card ,  Camera , Wireless , Bluetooth , Backlit Arabic/English Keyboard , Windows 11 Pro , 1 Year Warranty",JOD,"1,199.00",,+962796802525
59,https://citycenter.jo/asus-mb169b-ips-15-6-portable-usb-monitor-fhd?search=%20&page=218,"ASUS MB169B+ 15.6"" IPS Full HD USB-powered Ultra-slim Smart Case Portable USB Monitor",[],JOD,189.00,99.00,+962796802525
60,https://citycenter.jo/asus-proart-pa278cfrv-professional-27-ips-qhd-2k-100hz-hdr400-95-dci-p3-luxpixel-aglr-color-accuracy-e-2-calman-verified-w-adjustable-stand-usb-c-pd-96w?search=%20&page=222,ASUS ProArt PA278CFRV Professional 27” IPS QHD 2K 100Hz HDR400 95% DCI-P3 LuxPixel AGLR Color Accuracy ΔE < 2 Calman Verified w/ Adjustable Stand & USB-C PD 96W,"27-inch QHD (2560 x 1440) LuxPixel™ AGLR display with IPS 178° wide viewing angle panelInternational color standard 95% DCI-P3 and 100% sRGB wide color gamutCalman Verified with factory calibrated for excellent Delta E < 2 color accuracyExtensive connectivity including DP over USB-C™ with 96W Power Delivery, DisplayPort (MST), HDMI and USB hub100Hz variable refresh rate (VRR), providing creators smooth fast-rendering and comfortable viewing experienceBuilt-in Ambient Light Sensor synchronizes display brightness with environment light changesErgonomic design with tilt, swivel, pivot and height adjustments for a comfortable viewing experienceGreen Sustainability: paper packaging and energy-efficient environmental standards",JOD,399.00,,+962796802525
61,https://citycenter.jo/anker-soundcore-p20i-true-wireless-earbuds-10mm-drivers-with-big-bass-30-hours-bluetooth-5-3-water-resistant-2-mics-for-ai-clear-calls-pink?search=%20&page=8,Anker Soundcore P20i True Wireless Earbuds 10mm Drivers with Big Bass 30 Hours Bluetooth 5.3 Water-Resistant 2 Mics for AI Clear Calls - Pink,"['Powerful Bass: soundcore P20i true wireless earbuds have oversized 10mm drivers that deliver powerful sound with boosted bass so you can lose yourself in your favorite songs.', 'Personalized Listening Experience: Use the soundcore app to customize the controls and choose from 22 EQ presets. With ""Find My Earbuds"", a lost earbud can emit noise to help you locate it.', 'Long Playtime, Fast Charging: Get 10 hours of battery life on a single charge with a case that extends it to 30 hours. If P20i true wireless earbuds are low on power, a quick 10-minute charge will give you 2 hours of playtime.', ""Portable On-the-Go Design: soundcore P20i true wireless earbuds and the charging case are compact and lightweight with a lanyard attached. It's small enough to slip in your pocket, or clip on your bag or keys–so you never worry about space."", 'AI-Enhanced Clear Calls: 2 built-in mics and an AI algorithm work together to pick up your voice so that you never have to shout over the phone.']",JOD,19.00,,+962796802525
62,https://citycenter.jo/hp-hyperx-alloy-origins-core-tenkeyless-linear-red-switch-rgb-led-backlit-mechanical-keyboard?search=%20&page=299,HP HyperX Alloy Origins Core Tenkeyless Linear Red Switch RGB LED Backlit Mechanical Keyboard,[],JOD,65.00,,+962796802525
63,https://citycenter.jo/thinkpad-onelink-pro-dock-port-replicator-w-90w-adapter?search=%20&page=161,ThinkPad OneLink Pro Dock Port Replicator w/ 90w Adapter,[],JOD,99.00,,+962796802525
64,https://citycenter.jo/asus-tuf-gaming-750w-gold-fully-modular-80-gold-certified-atx-3-0-military-grade-components-dual-ball-bearing-axial-tech-fan-pcb-coating?search=%20&page=27,ASUS TUF Gaming 750W Gold Fully Modular 80+ Gold Certified ATX 3.0 Military-Grade Components Dual Ball Bearing Axial-tech Fan PCB Coating,[],JOD,129.00,,+962796802525
65,https://citycenter.jo/asus-vivobook-pro-15-oled-m6500xu-7gen-amd-ryzen-9-7940hs-8-cores-w-nvidia-rtx-4050-3k-oled-120hz-display-cool-silver?search=%20&page=240,ASUS VivoBook Pro 15 OLED M6500XU 7Gen AMD Ryzen 9 7940HS 8-Cores w/ Nvidia RTX 4050 & 3K OLED 120Hz Display - Cool Silver,"ASUS Vivobook Pro 15 M6500XU-MA082 7Gen AMD Ryzen 9 7940HS 8-Core up to 5.2GHz 24M Cash , 16GB DDR5 RAM On Board ,  1TB M.2 NVMe™ PCIe® 3.0 SSD , NVIDIA GeForce RTX 4050 Laptop GPU having 6GB GDDR6 VRAM Graphic Card , 15.6"" OLED 2.8K (2880 x 1620) 120Hz 600nits HDR 100% DCI-P3 HDR True Black 600 1.07 Billion Colors PANTONE Validated Glossy Display ,  Full HD Camera , Wireless ,Bluetooth , Backlit English (Arabic Optional) Keyboard , Fingerprint Sensor , Dos , 1 Year Warranty",JOD,939.00,899.00,+962796802525
66,https://citycenter.jo/hp-omen-34-ultrawide-qhd-2k-165hz-1ms-hdr-srgb-99-dci-p3-99-freesync-premium-height-adjust-stand-biult-in-speakers-w-2x-hdmi-2-0-displayport?search=%20&page=309,"HP OMEN 34"" Ultrawide QHD 2K 165Hz 1ms HDR sRGB 99% DCI-P3 99% FreeSync Premium Height Adjust Stand & Biult In Speakers  w/2x HDMI 2.0 & DisplayPort","['GOODBYE LAG. HELLO SPEED. - 1ms GtG response time with Overdrive eliminates motion blur for crisp, fluid gameplay no matter what’s happening on-screen', 'EXPERIENCE ALL THE ACTION WITH NO DISTRACTIONS - For crisp action and responsive gameplay, the 165Hz refresh rate practically removes all artifacting and motion blurring', 'INDULGE YOURSELF IN THE DETAILS - Escape fully and dive into finely-detailed worlds with the crisp visuals of WQHD resolution', 'MARVEL AT THE WIDE ARRAY OF COLORS - Get deeper hues and a wide array of colors with 99% sRGB and 90% DCI-P3 for precisely recreated colors so lifelike you get lost in your gameplay', 'REFINE YOUR PLAY SPACE - It’s equipped with ports perfect for connecting your gaming PC, console, and even a work PC. Thanks to the easy cable management and the adjustable stand, your desk will be just how you like it', 'ALL YOUR FUN, CUSTOM - Play around with every possible setting in OMEN Gaming Hub—a one-stop shop for customizing your ecosystem. Make your monitor, any PC, and select accessories work better together the way you want', 'EXPLORE NEW WORLDS - With peak brightness of 400 nits, experience games how the developers intended with brighter whites, deeper blacks and richer colors']",JOD,369.00,,+962796802525
67,https://citycenter.jo/razer-kraken-v3-x-wired-usb-7-1-surround-sound-lightweight-build-triforce-40mm-drivers-hyperclear-cardioid-mic-chroma-rgb-lighting-black?search=%20&page=140,Razer Kraken V3 X Wired USB 7.1 Surround Sound Lightweight Build Triforce 40mm Drivers HyperClear Cardioid Mic Chroma RGB Lighting - Black,"['285g Lightweight Build: Experience superior audio and game for hours without being weighed down by the headset.Control Type:Media', 'TriForce 40mm Drivers: Cutting-edge proprietary design divides the driver into 3 parts for the individual tuning of highs, mids, and lows—producing brighter, clearer audio with richer highs and more powerful lows', 'HyperClear Cardioid Mic: An improved pickup pattern ensures more voice and less noise with the sweet spot easily placed at your mouth because of the mic’s bendable design', 'Hybrid Fabric and Memory Foam Ear Cushions: Wrapped in a combination of breathable fabric and plush leatherette to provide a snug fit to ensure constant comfort for prolonged gaming', '7.1 Surround Sound: Provides accurate positional audio that lets you pinpoint intuitively where every sound is coming from. *Only available on Windows 10 64-bit', 'Powered by Razer Chroma RGB: Customizable earcup lighting and greater game immersion, with access to 16.8 million colors and a suite of lighting effects, apply your preferred settings and watch it work seamlessly with over 150 games and 500 devices across more than 50 partners.']",JOD,69.00,,+962796802525
68,https://citycenter.jo/kingston-fury-renegade-500gb-pcie-4-0-nvme-m-2-ssd-up-to-7-300mb-s-w-heatsink-ps5-ready?search=%20&page=339,"Kingston FURY Renegade 500GB PCIe 4.0 NVMe M.2 SSD up to 7,300MB/s w/ Heatsink & PS5™ Ready",500GB CapacityPCIe Gen4 InterfaceM.2 2280 Form FactorUp To 7300 MB/s Read | 7000 MB/s Write SpeedSFYRSK/500G,JOD,75.00,69.00,+962796802525
69,https://citycenter.jo/hp-scanjet-pro-2500-f1-flatbed-scanner-commercial?search=%20&page=313,HP Scanjet Pro 2500 F1 Flatbed Scanner Commercial,"HP ScanJet Pro 2500 f1 Flatbed Scanner (L2747A, Scanner type: Flatbed, ADF, ADF Speed: Up to 20ppm)",JOD,290.00,235.00,+962796802525
70,https://citycenter.jo/hp-color-laserjet-enterprise-m455dn-duplex-a4-color-laser-printer-up-to-29-black-29-color-ppm-w-network-usb-interface-white?search=%20&page=295,HP Color LaserJet Enterprise M455dn Duplex A4 Color Laser Printer up to 29 black / 29 Color PPM w/ Network & USB Interface - White,"['Easy to use, simple to manage: Print quickly and easily with the entry-level HP Color LaserJet Enterprise M455dn Printer, a laser printer with speeds up to 29 ppm and dynamic security', 'Enhanced productivity to empower work teams: Give workgroups what they need to succeed with HP and third-party solutions, card reader support, and the ability to print directly from the 2.7"" color display', 'Build business efficiency: Centralize control of your printing environment with HP Web JetAdmin', ""HP Wolf Enterprise Security: The world's most secure printers are always on guard with defensive layers to detect and self-heal from malware, and protect your data and business"", 'Automatic 2-sided printing: Speed through tasks and save paper by printing two-sided documents', 'Sustainability is smart business: Reduce wasted paper and toner by only printing jobs that are truly needed, using HP Roam for Business', 'Print cartridges you can trust: Avoid reprints, wasted supplies and service calls by using Original HP 414A/414X cartridges designed for your color printer']",JOD,499.00,,+962796802525
71,https://citycenter.jo/hp-laptop-15-fd0149ne-2023-new-13th-gen-intel-core-i5-10-cores-slim-design-w-backlit-keyboard-customized-silver?search=%20&page=302,HP Laptop 15-fd0149ne (2023) NEW 13th Gen Intel Core i5 10-Cores Slim Design w/ Backlit Keyboard (Customized) - Silver,"HP Laptop 15-fd0149ne (2023) Intel Core i5 1334U 13Gen up to 4.6Ghz 10-Cores 12M Cash, 16GB DDR4-3200 MHz RAM  , 512 GB PCIe® NVMe™ M.2 SSD, Intel Iris Xᵉ Graphic Card  ,15.6"" SVA Full HD (1920 x 1080) micro-edge anti-glare 250 nits 45% NTSC Display , Camera ,  Wireless , Bluetooth , Backlit Arabic / English Keyboard , Dos",JOD,399.00,379.00,+962796802525
72,https://citycenter.jo/nokia-go-earbuds-2-pro-true-wireless-earbuds-10mm-drivers-noise-cancellation-up-to-24-hours-bluetooth-5-2-water-resistant-lag-free-gaming-videos-black?search=%20&page=409,Nokia Go Earbuds 2 Pro True Wireless Earbuds 10mm Drivers Noise Cancellation Up to 24-hours Bluetooth 5.2 Water-Resistant Lag-Free Gaming & Videos - Black,"['Less lag is achieved via low-latency gaming and video modes, while maximum comfort is achieved by a snug fit and secure construction', 'With the charging travel case, you may play for up to 24 hours', 'IPX4 resistance makes exercise and wet days no problem', 'The Nokia Go Earbuds 2 Pro includes 10 mm audio drivers, which produce a balanced sound with a deep bass that will help you enjoy your music more', ""Environmental noise cancellation reduces background noise from your surroundings, so you won't need to yell to be heard over it"", ""Using Bluetooth 5.2's Fast Pair feature, you can quickly and simply connect to all your favorite devices""]",JOD,19.00,,+962796802525
73,https://citycenter.jo/mcdodo-pn-8921-stylus-pen-for-ipad-with-magnetic-charging-cable-white?search=%20&page=116,MCDODO PN-8921 Stylus Pen For Ipad (With Magnetic Charging Cable) - White,"MCDODO PN-8921 MDD Sketch Series Active Capacitive Stylus Pen Palm Rejection Tilt Sensitivity Writing Drawing Stylus Pen with Magnetic Charging Magnetic adsorption makes storage and management more convenient, reducing the loss and scrolling of the stylus.Extra-long standby that is 9 hours of continuous working, 40 minutes charge, 365 days standby time.More precise and sensitive. Higher durability and sturdier.Compatible with Apple and Android systems using",JOD,29.00,,+962796802525
74,https://citycenter.jo/kingston-sdcs2-512gb-canvas-select-plus-512gb-class-10?search=%20&page=86,Kingston SDCS2/512GB Canvas Select Plus 512GB Class 10,Kingston’s Canvas Select Plus microSD is compatible with Android devices and designed with A1-rated performance. It offers improved speed and capacity for loading apps faster and capturing images and videos in multiple capacities up to 512 GB1. Powerful i,JOD,60.00,33.00,+962796802525
75,https://citycenter.jo/razer-barracuda-pro-wireless-bluetooth-hybrid-anc-thx-aaa-50mm-drivers-integrated-mic-40-hr-battery-for-pc-playstation-switch-android-ios?search=%20&page=135,"Razer Barracuda Pro Wireless & Bluetooth Hybrid ANC THX AAA 50mm Drivers Integrated Mic 40 Hr Battery For PC, PlayStation, Switch, Android, iOS",[],JOD,219.00,,+962796802525
76,https://citycenter.jo/kingston-fury-beast-rgb-8gb-1-x-8gb-6000mhz-ddr5-desktop-memory-infrared-sync-technology?search=%20&page=85,Kingston FURY Beast RGB 8GB (1 x 8GB) 6000MHz DDR5 Desktop Memory Infrared Sync Technology,[],JOD,55.00,45.00,+962796802525
77,https://citycenter.jo/lenovo-thinkstation-p3-tiny-workstation-2023-13gen-intel-core-i7-vpro-16-cores-superior-performance-w-nvidia-t400-4gb-gddr6-black?search=%20&page=366,Lenovo ThinkStation P3 Tiny Workstation (2023) 13Gen Intel Core i7 vPro 16-Cores Superior Performance w/ NVIDIA® T400 4GB GDDR6 - Black,"Lenovo ThinkStation P3 Tiny Workstation (2023) Intel 13Gen Core i7 13700T vPro Processor up to 4.9Ghz 16-Cores 54M Cache , 16GB SO-DIMM DDR5-4800 Non-ECC , 512GB SSD M.2 2280 PCIe® 4.0x4 Performance NVMe® Opal , NVIDIA® T400 (4GB GDDR6) , Wireless & Bluetooth , 1 Years Warranty , Windows 11 Pro",JOD,999.00,,+962796802525
78,https://citycenter.jo/product/search?search=%20&page=159,,,,,,
79,https://citycenter.jo/motorola-vervebuds-400-true-wireless-earbuds-with-sleek-innovative-design-portable-charging-case-black?search=%20&page=119,Motorola Vervebuds 400 True Wireless Earbuds with Sleek Innovative Design & Portable Charging Case –Black,"['Bluetooth 5. 0', 'Stylish & Smart earbuds designed for a perfect fit and all day comfort', 'Deep rich & Enhanced sound quality', 'Up to 9 hours play-time with charging case (3 hours per charge)', 'Voice assistant compatible (works with Alexa, Siri and Google Assistant)', 'Included components: Earbuds x 2, Ear-Gels x 6, Charging Case x 1, Micro USB Cable x 1', 'Color: Black']",JOD,39.00,,+962796802525
80,https://citycenter.jo/logitech-ergo-m575s-wireless-trackball-mouse-wireless-ergonomic-mouse-with-bluetooth-and-encrypted-dongle-comfortable-thumb-control-precise-and-smooth-tracking-for-pc-mac-black-blue-ball?search=%20&page=101,"Logitech Ergo M575S Wireless Trackball Mouse, Wireless Ergonomic Mouse with Bluetooth and Encrypted Dongle, Comfortable Thumb Control, Precise and Smooth Tracking, for PC/Mac - Black Blue Ball","['Less Movement, More Comfort: The sculpted shape of the ERGO M575S wireless trackball mouse keeps your hand relaxed for hours of smooth, precise tracking with thumb control - now with quiet clicks', '25% less muscle strain in your forearm (1): This wireless ergonomic mouse has been developed with Logi Ergo Lab experts, user-tested and certified by ergonomists for all-day comfort', 'Improved forearm posture (1): The ergonomic shape of the ERGO M575S supports your hand and realigns your forearm into a better posture throughout the day; a good fit for most hand sizes', 'Work it your way: Experience enhanced control with 3 customizable buttons, time-saving shortcuts, and Smart Actions; adjust the cursor speed to your preference with the Logi Options plus App (2)', 'Save space with thumb control: With the ERGO M575S, you can move your cursor without moving your hand, making it ideal for small or space-saving setups and for use on any surface', 'Easy to Connect, Long Battery Life: Connect your ergonomic wireless mouse using Bluetooth or the included Logi Bolt USB receiver; enjoy up to 18 months of battery life (AA battery included) (3)', 'Made with recycled plastic: The plastic parts in the ERGO M575S Bluetooth trackball mouse are made of certified post-consumer recycled plastic (Graphite: 52%, Off-White: 21%) (4)']",JOD,35.00,,+962796802525
81,https://citycenter.jo/samsung-27-m5-full-hd-smart-monitor-w-speakers-remote-1-billion-color-smart-tv-apps-samsung-tv-plus-dex?search=%20&page=432,"SAMSUNG 27"" M5 Full HD Smart Monitor w/ Speakers Remote 1 Billion Color Smart TV apps Samsung TV Plus & Dex",[],JOD,219.00,189.00,+962796802525
82,https://citycenter.jo/awei-t52-anc-earbuds-wireless-bluetooth-5-3-noise-cancelling-headphones-true-wireless-ipx6-waterproof-stereo-in-ear-earphones-with-built-in-microphone-black?search=%20&page=245,Awei T52 ANC Earbuds Wireless Bluetooth 5.3 Noise Cancelling Headphones True Wireless IPX6 Waterproof Stereo in-Ear Earphones with Built-in Microphone (Black),"['Active noise cancellation. Generates sound waves opposite to external noise, neutralizing and reducing ambient noise with 30db depth', 'Bluetooth 5.3 Fast and stable performance. Low latency faster transmission, no jam or disconnection, audio video synchronization, compatible with Apple and Android devices', 'Cool ambient lights ignite E-sports atmosphere. Not only will you be in the spotlight, but your e-sports confidence will explode', '24h Play Time 300MAH Charging Case. More durable and safer Li-polymer batteries with higher density and higher capacity', 'Environmental Noise Cancellation High-definition calls without compromise. Pick up voice and reduce ambient noise precisely with the new ENC algorithm']",JOD,15.00,,+962796802525
83,https://citycenter.jo/lenovo-yoga-7-16-2024-new-intel-core-ultra-7-12-cores-2-in-1-touch-display-w-intel-ai-boost-full-metal-big-battery-storm-grey?search=%20&page=369,"Lenovo YOGA 7 16 (2024) NEW Intel Core Ultra 7 12-Cores 2-in-1 Touch Display w/ Intel® AI Boost  , Full Metal & BIG Battery - Storm Grey","Lenovo YOGA 7 16 (2024) Intel Core Ultra 7 155U up to 4.8GHz 12M Cash 12-Cores , 16GB Soldered LPDDR5x-7467 , 1TB SSD M.2 2242 PCIe® 4.0x4 NVMe , 16"" IPS WUXGA (1920x1200) 300nits Glossy / Anti-fingerprint 45% NTSC 60Hz Dolby Vision®TÜV Low Blue Light Mutlitouch Screen , Intel® UHD Graphic Card , Full HD IR Camera , Wireless , Backlit English (Arabic Optional) Keyboard, Finger Print Reader , Windows 11 Home",JOD,849.00,799.00,+962796802525
84,https://citycenter.jo/xfx-mercury-amd-radeon-rx-9060-xt-oc-triple-fan-gaming-edition-16gb-gddr6-128-bit-memory-3320-mhz-boost-clock-2048-stream-processors-20-gbps-memory-clock-pci-e-5-0-black?search=%20&page=475,"XFX Mercury AMD Radeon RX 9060 XT OC Triple Fan Gaming Edition 16GB GDDR6 128-Bit Memory, 3320 MHz Boost Clock, 2048 Stream Processors, 20 Gbps Memory Clock, PCI-E 5.0 , Black",HDMI™ 4K Support4K H264 Encode & DecodeH265/HEVC Encode & DecodeAV1 Encode & Decode,JOD,399.00,,+962796802525
85,https://citycenter.jo/jmary-fm-18r-ring-light-18inch-with-remote-without-tripod-powerful-and-versatile-ring-light-designed-to-elevate-your-lighting?search=%20&page=82,"Jmary FM-18R Ring Light 18Inch With Remote, without Tripod powerful and versatile ring light designed to elevate your lighting","['The Jmary FM 18R 18inch selfie ring light is a must-have for content creators and professionals alike. With its 18inch diameter, it provides even lighting for flawless selfies and video recordings, while its FM function allows for easy remote control. Upgrade your content game with this versatile and high-quality ring light.', 'Adjustable Lighting: Customize brightness and color temperature for perfect illumination.', 'Versatile Usage: Ideal for selfies, videos, makeup, live streaming, and more.', 'Flicker-Free LEDs: Advanced LED technology ensures comfortable, eye-friendly lighting.', 'Sturdy Tripod Stand: Adjustable and stable stand for flexible positioning.', 'Bluetooth Remote: Convenient hands-free control for hassle-free content creation.']",JOD,29.00,,+962796802525
86,https://citycenter.jo/razer-goliathus-extended-chroma-gaming-mouse-pad-quartz-pink?search=%20&page=422,Razer Goliathus Extended Chroma Gaming Mouse Pad - Quartz Pink,[],JOD,59.00,,+962796802525
87,https://citycenter.jo/apc-easy-ups-on-line-srv-10000va-10000w-rm-with-extended-runtime-battery-pack?search=%20&page=12,APC Easy UPS On-Line SRV 10000VA / 10000w RM with Extended Runtime Battery Pack,"High quality, Double-conversion On-line UPS designed for essential power protection needs even in the most unstable power conditions.Includes: (1) DC cable, Basic UPS signalling RS-232 cable, CD with software, Rack mounting brackets, USB cable, User manual",JOD,"1,649.00","1,499.00",+962796802525
88,https://citycenter.jo/deepcool-gm810-premium-cloth-gaming-mouse-pad-large?search=%20&page=263,DeepCool GM810 Premium Cloth Gaming Mouse Pad - Large,. Performance woven cloth for effortless speed and glide· High grade durable water repellent coating that protects against liquid and stains· Pressure heat-treated for an ultra smooth surface· Anti-fray stitched edges to prevent surface peeling· Eco-friendly anti-slip rubber base,JOD,15.00,10.00,+962796802525
89,https://citycenter.jo/mcdodo-hu-0680-2-in-1-100w-pd-lan-port-usb-type-c-usb-hub?search=%20&page=387,Mcdodo HU-0680 2 in 1 100W PD + LAN Port USB Type C USB Hub,"Enjoy the ease of connection to devices with the Mcdodo HU-0680 2-in-1 Hub adapter That offers an RJ45 LAN port with 10/100/100 connection, along with a USB-C port with 100W power for fast charging of smartphones, laptops and tablets, with high performance and fast cooling, compact size and compatibility with Windows systems, Android and iOS.",JOD,15.00,,+962796802525
90,https://citycenter.jo/hp-laserjet-mfp-m236sdn-a4-duplex-network-mono-3-in-one-printer?search=%20&page=303,HP LaserJet MFP M236sdn A4 Duplex & Network MONO 3-In-One Printer,"['Functions: Print Copy Scan Print Speed Black Up to 29ppm Print Quality: Up to 600 x 600 dpi Connectivity: USB 2.0, LAN Duplex: Automatic', 'Comes in safe and secure packaging', 'Packed with features', 'Brand: HP']",JOD,215.00,159.00,+962796802525
91,https://citycenter.jo/gaming,,,,,,
92,https://citycenter.jo/apple-macbook-pro-14-late-2023-apple-m3-max-1tb-36gb-14-core-cpu-30-core-gpu-retina-xdr-120hz-silver?search=%20&page=14,Apple MacBook Pro 14 (Late 2023) Apple M3 MAX (1TB/36GB) 14‑core CPU & 30‑core GPU Retina XDR 120Hz - Silver,"Apple MacBook Pro 14 (Late 2023) M3 MAX up to 4.05Ghz 14-Cores Total L1/L2/L3 37M Cash, 36GB LPDDR5 Unified Memory  , 1TB Solid State Drive (SSD) , Apple M3 MAX 30-core Graphic Card ,14.2""  Liquid Retina XDR ( 3024x1964 ) 254 ppi up to 1000 nits True Tone Display , 1080p FaceTime HD Webcam ,  Wireless , Bluetooth , Backlit Magic Arabic / English Keyboard , macOS 14.1 (23B2073)",JOD,"2,499.00","2,099.00",+962796802525
93,https://citycenter.jo/netgear-wax220-wireless-access-point-wi-fi-6-dual-band-ax4200-speed-1-x-1g-ethernet-poe-port-up-to-256-devices-wpa3-security-mu-mimo-power-adapter-not-included?search=%20&page=125,NETGEAR (WAX220) Wireless Access Point - Wi-Fi 6 Dual-Band AX4200 Speed | 1 x 1G Ethernet PoE+ Port | Up to 256 Devices | WPA3 Security | MU-MIMO | Power Adapter Not Included,"['As part of the Business Essentials line, the WAX220 is an ideal WiFi 6 solution for your small business or home office.\xa0', 'Use this standalone access point to create your own dedicated, secure and fast wireless network.\xa0', 'Manage it locally without any app or subscription required. Quickly and easily configure in less than 10 minutes!', 'Easy to install in a retail store, business lobby, or any location where you want a dedicated, secure WiFi network.', 'Dual-Band AX4200 speed and capacity, coupled with MU-MIMO technology, supports up to 256 client devices.', 'Simplified deployment when powered by a PoE+ switch. Power adapter (PAV12V25-10000S ) sold separately.', 'Manage it locally without any app or subscription required. Quickly and easily configure in less than 10 minutes.', 'Supports WPA, WPA2, and WPA3.']",JOD,145.00,,+962796802525
94,https://citycenter.jo/thinkpad-14-1-professional-slim-topload-case?search=%20&page=456,"ThinkPad 14.1"" Professional Slim Topload Case","Compatible with all laptops up to 14.1” wide (354 x 263 x 36.4 mm)
Front convenience pockets with ample storage
Unique sling protection for your laptop and Tablet Storage Pouch
Built-in trolley strap and padded shoulder strap
Limited Lifetime Warranty",JOD,50.00,,+962796802525
95,https://citycenter.jo/promate-usb-a-to-lightning-cable-high-tensile-2-4a-super-fast-usb-a-to-lightning-charger-120-cm-anti-tangle-silicone-blue?search=%20&page=132,Promate USB-A to Lightning Cable High Tensile 2.4A Super-Fast USB-A to Lightning Charger 120 cm Anti-Tangle Silicone - Blue,"['⚡ Super-Fast Charging: With 2.4A current output, this cable provides fast charging for your iPhone and AirPods Pro.', '⚡ High-Speed Data Transfer: The cable supports data transfer speeds of up to 480 Mbps, which enables you to transfer files and sync data quickly.', '⚡ Anti-Tangle Silicone Cord: The 120 cm long cord is made of anti-tangle silicone material that prevents it from getting tangled and makes it easy to store and carry.', '⚡ MFi Certified: The cable is MFi certified, which ensures that it is compatible with all Apple devices that have a Lightning port and supports all the latest iOS updates.', '⚡ Wide Compatibility: The cable is compatible with iPhone 14, AirPods Pro, and other Apple devices that have a Lightning port.', '⚡ High Tensile Strength: This USB-A to Lightning cable features high tensile strength that can withstand 30,000+ bends and twists without breaking.']",JOD,12.00,8.00,+962796802525
96,https://citycenter.jo/product/search?search=%20&page=397,,,,,,
97,https://citycenter.jo/product/search?search=%20&page=130,,,,,,
98,https://citycenter.jo/jbl-go-essential-2-portable-bluetooth-speaker-with-original-pro-sound-up-to-5-hours-battery-life-with-ip67-waterproof-design-red?search=%20&page=80,"JBL GO Essential 2 Portable Bluetooth Speaker with Original Pro Sound, up to 5 Hours Battery Life, with IP67 Waterproof Design, Red","['Powerful original JBL Pro sound: the ultra-compact wireless Bluetooth speaker delivers powerful sound with deep, detailed bass and transforms any place into a captivating sound backdrop', 'RECHARGEABLE BATTERY With a runtime of up to 5 hours per charge, the mini speaker ensures uninterrupted music enjoyment without having to constantly think about charging', 'Waterproof and dustproof design: with IP67 certification, the Bluetooth speaker provides protection from water and dust and is suitable for use at the pool, park and many other places', 'Colourful sound: available in 3 vibrant colours, the JBL GO Essential 2 adapts to any style and allows wireless streaming of music from smartphone, tablet or other Bluetooth-enabled devices - for music enjoyment anywhere', 'Package Content 1 x JBL GO Essential 2 Portable Bluetooth Speaker, 1 x Quick Start Guide, 1 x Safety Sheet']",JOD,39.00,,+962796802525
99,https://citycenter.jo/amd-ryzen-5-3600x-6-core-3-8-ghz-4-4-ghz-max-boost-tray?search=%20&page=191,"AMD RYZEN 5 3600X 6-Core 3.8 GHz (4.4 GHz Max Boost) , Tray","AMD Ryzen™ 5 3600X, AM4, Zen 2, 6 Core, 12 Thread, 3.8GHz, 4.4GHz Turbo, 32MB L3, PCIe 4.0, 65W, CPU, Tray ( No Cooler )",JOD,169.00,,+962796802525
